<?xml version="1.0" encoding="UTF-8"?>
<project-private xmlns="http://www.netbeans.org/ns/project-private/1">
    <editor-bookmarks xmlns="http://www.netbeans.org/ns/editor-bookmarks/2" lastBookmarkId="0"/>
    <open-files xmlns="http://www.netbeans.org/ns/projectui-open-files/2">
        <group>
            <file>file:/C:/Users/adam.meloy708/Documents/NetBeansProjects/Whitejack/src/card/game/demo/Blackjack.java</file>
            <file>file:/C:/Users/adam.meloy708/Documents/NetBeansProjects/Whitejack/src/card/game/demo/Deck.java</file>
            <file>file:/C:/Users/adam.meloy708/Documents/NetBeansProjects/Whitejack/src/card/game/demo/Hand.java</file>
            <file>file:/C:/Users/adam.meloy708/Documents/NetBeansProjects/Whitejack/src/card/game/demo/Card.java</file>
        </group>
    </open-files>
</project-private>
