<?xml version="1.0" encoding="UTF-8"?>
<project-private xmlns="http://www.netbeans.org/ns/project-private/1">
    <editor-bookmarks xmlns="http://www.netbeans.org/ns/editor-bookmarks/2" lastBookmarkId="0"/>
    <open-files xmlns="http://www.netbeans.org/ns/projectui-open-files/2">
        <group>
            <file>file:/C:/Users/ameloy743/Documents/NetBeansProjects/Murphyville%20Theatre%20Payroll/src/murphyville/theatre/payroll/Employee.java</file>
            <file>file:/C:/Users/ameloy743/Documents/NetBeansProjects/Murphyville%20Theatre%20Payroll/src/murphyville/theatre/payroll/Tickets.java</file>
            <file>file:/C:/Users/ameloy743/Documents/NetBeansProjects/Murphyville%20Theatre%20Payroll/src/murphyville/theatre/payroll/Management.java</file>
            <file>file:/C:/Users/ameloy743/Documents/NetBeansProjects/Murphyville%20Theatre%20Payroll/src/murphyville/theatre/payroll/SnackBar.java</file>
            <file>file:/C:/Users/ameloy743/Documents/NetBeansProjects/Murphyville%20Theatre%20Payroll/src/murphyville/theatre/payroll/MurphyvilleTheatrePayroll.java</file>
        </group>
    </open-files>
</project-private>
